Fighter,Label
Eric Schafer,631
Brandon Vera,241
Junior Dos Santos,1086
Cheick Kongo,351
Alessio Sakara,54
Mike Pierce,1438
Eliot Marshall,618
Brendan Schaub,246
Clay Guida,403
Duane Ludwig,584
John Howard,987
Matthew Riddle,1376
Georges St-Pierre,715
Frank Mir,683
Kurt Pellegrino,1182
Ben Saunders,198
Rousimar Palhares,1747
Nate Diaz,1498
Ricardo Almeida,1670
Rodney Wallace,1708
Jim Miller,937
Yushin Okami,2089
Jacob Volkmann,832
Charlie Brenneman,341
Gerald Harris,716
Rob Emerson,1693
Nate Quarry,1502
Andre Winner,113
Ross Pearson,1745
Roy Nelson,1749
Kenny Florian,1144
Caol Uno,296
Kendall Grove,1142
Paul Kelly,1585
Jon Madsen,1004
Nick Osipczak,1518
Alexander Gustafsson,71
DaMarques Johnson,454
BJ Penn,184
Anderson Silva,105
Matt Hughes,1366
Terry Etim,1921
TJ Grant,1887
Marcus Davis,1319
Jason MacDonald,886
Yoshiyuki Yoshida,2083
Tom Lawlor,1958
Joey Beltran,974
Kevin Ferguson,1152
Patrick Cote,1576
Sam Stout,1780
Josh Koscheck,1052
Lyoto Machida,1266
Amir Sadollah,102
Jesse Forbes,918
Aaron Riley,6
Luiz Cane,1255
Melvin Guillard,1396
Efrain Escudero,613
Todd Duffee,1951
Diego Sanchez,558
Jason Brilz,882
Michael Bisping,1398
Rampage Jackson,1638
Mike Pyle,1439
James Wilks,861
David Loiseau,523
Mac Danzig,1267
Tyson Griffin,1986
Ricardo Funch,1671
Ben Rothwell,197
Paulo Thiago,1590
Mirko Cro Cop,1456
Chuck Liddell,393
Carlos Condit,304
James McSweeney,855
Chris Camozzi,361
Josh Bryant,1044
Brad Tavares,233
John Gunderson,984
Jamie Yager,868
Spencer Fisher,1853
Chris Leben,376
Keith Jardine,1137
Court McGee,436
Forrest Petz,672
Brock Lesnar,262
George Sotiropoulos,713
Krzysztof Soszynski,1180
Chris Lytle,377
Seth Petruzelli,1813
Darren Elkins,510
Rob Kimmons,1695
James Irvin,852
Brian Stann,258
Jon Jones,1003
Mark Munoz,1336
Stefan Struve,1857
Jon Fitch,1002
Dustin Hazelett,587
Johny Hendricks,1000
Todd Brown,1950
Demian Maia,533
Frankie Edgar,684
Randy Couture,1643
Dan Miller,471
Joe Lauzon,965
Rich Attonito,1675
Brian Foster,253
Jared Hamman,874
TJ Waldburger,1890
Tomasz Drwal,1962
Yves Edwards,2091
Cole Miller,420
Nate Marquardt,1501
Steve Lopez,1868
Thiago Tavares,1930
Mark Hunt,1334
CB Dollaway,279
Matt Mitrione,1368
Sean Sherk,1798
Matt Serra,1371
Rogerio Nogueira,1721
John Hathaway,986
Dan Hardy,466
Cyrille Diabate,449
Paul Sass,1587
Rob Broughton,1692
Mike Guymon,1431
Jake Shields,844
Tito Ortiz,1949
Kris McCray,1175
Kyle Noke,1188
Pascal Krauss,1570
Vladimir Matyushenko,2034
Dennis Siver,539
Mike Lullo,1434
Matt Brown,1360
Karo Parisyan,1123
Phil Davis,1603
Aaron Simpson,8
Cody McKenzie,415
Fredson Paixao,687
Will Campuzano,2052
Sako Chivitchian,1774
Ian Loveland,784
Nam Phan,1490
Stephan Bonnar,1858
Jonathan Brookins,1008
Thiago Alves,1925
Pat Audinwood,1571
Mark Bocek,1328
Joe Stevenson,972
Joe Doerksen,960
Jeremy Stephens,912
Phil Baroni,1602
Mike Brown,1427
Dustin Poirier,593
Daniel Roberts,483
Waylon Lowe,2046
Rani Yahya,1644
Pat Barry,1572
Mark Hominick,1333
Norifumi Yamamoto,1541
Donald Cerrone,572
Kyle Kingsbury,1186
Chad Mendes,328
Forrest Griffin,671
Miguel Torres,1425
Jake Ellenberger,839
Paul Taylor,1588
Maciej Jewtuszko,1268
Tom Blackledge,1953
Nick Ring,1521
Tiequan Zhang,1936
Brian Ebersole,252
Igor Pokrajac,791
David Branch,521
Takeya Mizugaki,1901
Brian Bowles,250
Steve Cantwell,1864
Erik Koch,639
Mauricio Rua,1379
Urijah Faber,1993
Edson Barboza,608
Costas Philippou,435
Joseph Benavidez,1039
Mario Miranda,1325
Sean McCorkle,1793
Michael McDonald,1405
Chan Sung Jung,330
Alex Caceres,55
Anthony Johnson,135
Ivan Menjivar,817
John Makdessi,990
Yves Jabouin,2092
Jose Aldo,1030
Gleison Tibau,731
Cole Escovedo,419
Danny Downes,497
Reuben Duran,1666
Scott Jorgensen,1791
Clay Harvison,404
Ryan McGillivray,1765
Josh Grispi,1051
Chuck O'Neil,394
Ed Herman,598
Ramsey Nijem,1639
Fabio Maldonado,651
Jesse Bongfeldt,916
Mike Massenzio,1436
Vagner Rocha,1995
Dave Herman,518
Shane Carwin,1824
Michael Johnson,1402
Ricardo Lamas,1672
Christian Morecraft,389
Anthony Njokuani,137
Jeff Hougland,901
Wanderlei Silva,2042
Dominick Cruz,565
Matt Hamill,1364
Rafael Natal,1631
Rashad Evans,1651
Rory MacDonald,1741
Vitor Belfort,2029
Jorge Rivera,1027
Dennis Hallman,538
Jimy Hettes,944
Edwin Figueroa,612
Ronny Markes,1736
Iuri Alcantara,814
Erick Silva,637
Raphael Assuncao,1646
Minotauro Nogueira,1453
Evan Dunham,648
Justin Edwards,1091
Robert Peralta,1701
Ken Stone,1141
Alan Belcher,33
Junior Assuncao,1085
James Te Huna,858
Travis Browne,1972
Tony Ferguson,1964
Walel Watson,2040
Josh Neer,1053
Shane Roller,1826
Mike Easton,1429
Matt Wiman,1374
Anthony Pettis,139
Leonard Garcia,1209
Chael Sonnen,329
Dustin Jacoby,588
Hatsu Hioki,757
John Maguire,989
Chris Cariaso,362
Chris Cope,364
Michihiro Omigawa,1418
Brad Pickett,231
Aaron Rosa,7
Cain Velasquez,284
Cub Swanson,442
Danny Castillo,495
Ryan Bader,1755
Rick Story,1682
Bryan Caraway,273
Roland Delorme,1722
Dustin Pague,592
Marcus Brimage,1318
Steven Siler,1874
TJ Dillashaw,1886
Diego Brandao,553
Louis Gaudinot,1234
Mitch Clarke,1459
Claude Patrick,397
Dong Hyun Kim,573
Manvel Gamburyan,1297
Felipe Arantes,659
Gabriel Gonzaga,693
Joseph Sandoval,1042
Daniel Pineda,482
Kamal Shalorus,1114
Fabricio Camoes,652
Charles Oliveira,338
Mike Russow,1444
Nick Diaz,1514
Renan Barao,1662
Dan Stittgen,473
Anton Kuivanen,142
Tim Means,1944
Stipe Miocic,1877
Riki Fukuda,1687
Takanori Gomi,1898
Yoshihiro Akiyama,2081
Mackens Semerzier,1269
Anthony Perosh,138
Oli Thompson,1550
Papy Abedi,1568
Jason Young,892
Simeon Thoresen,1846
Reza Madadi,1667
Francis Carmont,674
Keith Wisniewski,1138
Dennis Bermudez,536
John Dodson,983
Alex Soto,67
Jeff Curran,900
Rafael Dos Anjos,1627
Jason Miller,887
John Albert,977
Joe Proctor,967
Cristiano Marcello,440
Myles Jury,1485
Daron Cruickshank,507
Justin Lawrence,1096
Max Holloway,1382
Michael Chiesa,1400
Jake Hecht,841
Henry Martinez,768
Buddy Roberts,277
Demetrious Johnson,532
Eddie Wineland,602
Seth Baczynski,1812
Nick Catone,1512
Gray Maynard,738
Marcos Vinicius,1317
Thiago Perpetuo,1927
John Teixeira,994
Delson Heleno,531
Anistavio Medeiros,127
Fabricio Werdum,653
Godofredo Pepey,734
Cezar Ferreira,324
John Alessio,978
Rafaello Oliveira,1632
Cung Le,443
Marcelo Guimaraes,1304
Damacio Page,458
Karlos Vemola,1122
Antonio Carvalho,150
Hector Lombard,761
Philip De Fries,1607
John Moraga,991
Mike Swick,1447
Nik Lentz,1526
Benson Henderson,206
Mitch Gagnon,1460
Sean Pierson,1796
Andy Ogle,122
Che Mills,350
Tom Watson,1961
Darren Uyenoyama,513
Bart Palaszewski,187
Marcus LeVesseur,1320
Sergio Moraes,1809
Rony Jason,1737
Glover Teixeira,733
Yasuhiro Urushitani,2073
Rich Franklin,1676
Nick Penner,1520
Brendan Loughnane,244
Benny Alloway,204
Colin Fletcher,423
Robert Whittaker,1703
Mike Rio,1442
Johnny Bedford,995
Jared Papazian,875
Vinc Pichel,2018
Colton Smith,426
Erik Perez,640
Tim Boetsch,1937
Wagner Prado,2037
Diego Nunes,556
Francisco Trinaldo,681
Daniel Sarafian,486
Mike Stumpf,1446
Chico Camus,356
Tyron Woodley,1985
Alistair Overeem,88
Phil Harris,1604
Vaughan Lee,2003
Gunnar Nelson,746
Jimi Manuwa,938
Nah-Shon Burrell,1489
Jon Manley,1005
Kenny Robertson,1145
Ronda Rousey,1732
Mizuto Hirota,1465
George Roop,712
Mike Ricci,1441
Chris Spang,380
Michael Kuiper,1403
Tor Troeng,1969
Akira Corassani,30
Ryan Couture,1757
Gegard Mousasi,709
Josh Samman,1056
Bristol Marunde,260
Dylan Andrews,596
Luke Barnatt,1260
Sam Sicilia,1779
Bubba McDaniel,276
Miesha Tate,1423
Uriah Hall,1992
Clifford Starks,406
Sara McMann,1783
Gian Villante,721
Rustam Khabilov,1754
John Lineker,988
Jussier Formiga,1090
Lucas Martins,1243
Hacran Dias,750
Jacare Souza,823
Stephen Thompson,1862
Khabib Nurmagomedov,1158
Antonio Braga Neto,148
Rodrigo Damm,1712
Ildemar Alcantara,796
Caio Magalhaes,287
Thiago Silva,1929
William Patolino,2057
Alexis Davis,81
Ryan Jimmo,1761
Norman Parke,1543
Tim Kennedy,1943
Julie Kedzie,1078
Liz Carmouche,1227
Robbie Lawler,1698
Viscardi Andrade,2028
Ednaldo Oliveira,607
Ian McCall,786
Amanda Nunes,98
Thales Leites,1923
Vinny Magalhaes,2026
Cody Donovan,409
Conor McGregor,428
James Head,851
Zak Cummings,2098
Kelvin Gastelum,1140
Soa Palelei,1849
Jamie Varner,867
Yuri Villefort,2087
Joao Zeferino,953
Michel Prazeres,1414
Nandor Guelmino,1491
Pat Healy,1573
Chris Clements,363
Yan Cabral,2064
Iliarde Santos,798
Alan Patrick,36
Jeremy Larsen,911
Gilbert Melendez,724
Daniel Cormier,476
Al Iaquinta,31
Bradley Scott,234
Rosi Sexton,1744
Derek Brunson,542
Neil Magny,1508
Jorge Masvidal,1026
Bobby Green,220
Jose Maria,1033
Adriano Martins,25
Santiago Ponzinibbio,1781
Rafael Feijao,1629
Jason High,884
Tim Elliott,1939
Joshua Sampo,1062
Sean Spencer,1800
Jared Rosholt,876
Roxanne Modafferi,1748
Jessamyn Duke,915
Chris Holdsworth,373
Julianna Pena,1077
Ben Wall,200
Bruno Santos,268
Richie Vaculik,1680
Abel Trujillo,13
Chris Weidman,384
Josh Barnett,1043
Katsunori Kikuno,1128
Leandro Issa,1205
Dustin Kimura,589
Mairbek Taisumov,1281
Royston Wee,1750
Kyung Ho Kang,1194
Kiichi Kunimoto,1168
Tatsuya Kawajiri,1911
Tarec Saffiedine,1907
Alptekin Ozkilic,94
Trevor Smith,1977
Isaac Vallie-Flagg,806
Yoel Romero,2076
Lorenz Larkin,1232
Luke Rockhold,1262
Walt Harris,2041
George Sullivan,714
Junior Hernandez,1087
Anthony Rocco Martin,140
Clint Hester,407
Douglas Silva de Andrade,579
Ernest Chavez,643
Zach Makovsky,2095
Cody Gibson,413
Jumabieke Tuerxun,1082
Albert Cheng,38
Kazuki Tokudome,1133
Sai Wang,1770
Igor Araujo,790
Renee Forte,1664
Raquel Pennington,1649
Ovince Saint Preux,1561
Francimar Barroso,673
Alan Omer,35
Sarah Kaufman,1786
Richard Walsh,1677
Nordine Taleb,1540
Chad Laprise,327
Sheldon Westcott,1839
Mirsad Bektic,1457
Derrick Lewis,546
Dustin Ortiz,591
Jordan Mein,1020
Estevan Payan,647
Chris Beal,360
Justin Salas,1098
Anthony Lapsley,136
Kyoji Horiguchi,1193
David Michaud,524
Tom Niinimaki,1959
Nick Hein,1516
Peter Sobotta,1599
Marcos Rogerio de Lima,1316
Magnus Cedenblad,1273
Pedro Munhoz,1595
Viktor Pesta,2016
Ricardo Abreu,1669
Elias Silverio,616
Marcio Alexandre Junior,1311
Vitor Miranda,2030
Kevin Souza,1157
Patrick Cummins,1577
Jon Tuck,1007
Yaotzin Meza,2072
Bobby Voelker,223
Kajan Johnson,1111
Valerie Letourneau,1998
Jason Saggo,890
Andrei Arlovski,117
Aleksei Oleinik,49
Jake Matthews,843
Chris Indich,374
Dan Hooker,468
Ray Borg,1656
Joe Ellenberger,962
Luke Zachrich,1264
Justin Scoggins,1099
Sarah Moras,1787
Patrick Walsh,1578
Jesse Ronson,920
Dhiego Lima,551
Corey Anderson,429
Yosdenis Cedeno,2080
Hugo Viana,774
Claudia Gadelha,398
Paddy Holohan,1564
Neil Seery,1509
Cathal Pendred,321
Ilir Latifi,799
Akbarh Arreola,29
Juliana Lima,1075
Hernani Perpetuo,770
Josh Thomson,1059
Andreas Stahl,116
Shawn Jordan,1835
Nolan Ticman,1538
Elizabeth Phillips,620
Yao Zhikui,2071
An Ying Wang,103
Zhang Lipeng,2105
Wilson Reis,2059
Aaron Phillips,5
Beneil Dariush,202
Ning Guangyou,1535
James Vick,860
Chas Skelly,346
Alberto Mina,42
Ruan Potts,1751
Yancy Medeiros,2069
Chris Wade,383
Bethe Correia,210
Sean Soriano,1799
Jessica Andrade,924
Leonardo Santos,1213
Antonio Silva,153
Michinori Tanaka,1419
Maximo Blanco,1385
Hyun Gyu Lim,779
Cat Zingano,320
Albert Tumenov,41
Nico Musoke,1523
Niklas Backstrom,1528
Zubaira Tukhugov,2109
Elias Theodorou,617
Olivier Aubin-Mercier,1552
Gilbert Burns,723
Diego Ferreira,554
Vik Grujic,2015
Diego Rivas,557
Thomas Almeida,1932
Leandro Silva,1206
Wagner Silva,2038
Warlley Alves,2045
Claudio Silva,401
Yair Rodriguez,2063
Henry Briones,766
Gabriel Benitez,691
Jessica Eye,925
Alejandro Perez,44
Edgar Garcia,605
Augusto Montano,174
Marco Beltran,1312
Juan Puig,1069
Paige VanZant,1566
Ruslan Magomedov,1752
Alex White,69
Eddie Gordon,600
Sergio Pettis,1810
Bec Rawlings,192
Emily Peters Kagan,627
Aisling Daly,28
Tecia Torres,1915
Joanne Calderwood,951
Jessica Penne,926
Carla Esparza,299
Felice Herrig,657
Joe Riggs,969
Henry Cejudo,767
Anthony Birchak,130
Antonio Carlos Junior,149
Alexis Dufresne,82
Omari Akhmedov,1556
Matt Van Buren,1372
Charles Rosa,340
Johnny Case,996
Tateki Matsuda,1908
Nikita Krylov,1527
Dan Henderson,467
Richardson Moreira,1678
Thiago Santos,1928
James Moontasri,856
Daniel Kelly,478
Tiago Trator,1935
Ivan Jorge,816
Masio Fullen,1352
Alan Jouban,34
James Krause,853
Larissa Pacheco,1199
Jake Lindsey,842
Bentley Syler,207
Leonardo Mafra,1211
Jorge de Oliveira,1029
Ron Stallings,1730
Shamil Abdurakhimov,1818
Taylor Lapilus,1912
Marcin Bandel,1306
Izabela Badurek,819
Daniel Omielanczuk,481
Damian Stasiak,460
Bartosz Fabinski,188
Pawel Pawlak,1591
Randa Markos,1640
Jessica Rakoczy,927
Alex Chambers,56
Mark Eddiva,1330
Roldan Sangcha-an,1725
Li Jingliang,1218
Tae Hyun Bang,1892
Phillipe Nover,1611
Islam Makhachev,808
Wendell Oliveira,2049
Luiz Dutra,1256
Elizeu Zaleski dos Santos,622
KJ Noons,1104
Francisco Rivera,679
Jose Quinonez,1035
Joe Soto,971
Francisco Trevino,680
Piotr Hallmann,1613
Scott Askham,1789
Joanna Jedrzejczyk,950
Makwan Amirkhani,1285
Danny Martinez,499
Alex Oliveira,63
Steve Montgomery,1869
Cody Garbrandt,412
Darrell Montague,509
Russell Doane,1753
Angela Magana,126
Michael Graves,1401
Kamaru Usman,1115
Andrew Craig,118
Kevin Casey,1150
Holly Holm,771
Kevin Lee,1155
Rob Whiteford,1696
Mickael Lebout,1421
Leon Edwards,1208
Joe Duffy,961
Stevie Ray,1875
Reginaldo Vieira,1659
Glaico Franca,730
Anthony Christodoulou,131
Marlon Vera,1341
Chris Dempsey,367
Frankie Saenz,686
Maryna Moroz,1350
Misha Cirkunov,1458
Shane Campbell,1823
Chris Kelades,375
Joaquim Silva,954
Clay Collard,402
Jan Blachowicz,869
Shinsho Anzai,1842
Naoyuki Kotani,1493
Keita Nakamura,1135
Rose Namajunas,1743
Bubba Bush,275
Bruno Korea,267
Ben Nguyen,196
Hector Urbina,763
Valmir Lazaro,1999
Cesar Arzamendia,323
Vernon Ramos,2004
Horacio Gutierrez,772
Erick Montano,636
Yui Chul Nam,2086
Dominique Steele,567
Seohee Ham,1804
Dooho Choi,578
Dongi Yang,576
Aljamain Sterling,89
Kailin Curran,1110
Danny Roberts,501
Sage Northcutt,1769
Ryan LaFlare,1762
Chris Gruetzemacher,370
Joby Sanchez,956
Julian Erosa,1073
Artem Lobov,165
Hayder Hassan,758
Francis Ngannou,676
Justine Kish,1102
Scott Holtzman,1790
Rob Font,1694
Paul Felder,1584
Matt Dwyer,1361
Joshua Burkman,1060
Mickey Gall,1422
Noad Lahat,1536
Alex Garcia,58
Anthony Hamilton,132
Lauren Murphy,1202
Marion Reneau,1326
Jonavin Webb,1014
Anthony Smith,141
Arnold Allen,164
David Teymur,527
Teemu Packalen,1916
Mike Wilkinson,1448
Tom Breese,1954
Davey Grant,519
Brandon Thatch,240
Leslie Smith,1215
Brendan O'Reilly,245
Alessio Di Chirico,53
Jared Cannonier,871
Filip Pejic,670
Ian Entwistle,781
Nicolas Dalby,1525
Tim Johnson,1942
Oluwale Bamgbose,1553
Randy Brown,1641
Ulka Sasaki,1989
Karolina Kowalkiewicz,1125
Germaine de Randamie,720
Renato Moicano,1663
Cris Cyborg,438
Jake Collier,838
Chris de la Rocha,385
Sean Strickland,1801
Jonathan Wilson,1013
Polo Reyes,1615
Brian Ortega,257
Ali Bagautinov,84
Colby Covington,418
Tamdan McCrory,1904
Steve Bosse,1863
Vicente Luque,2008
Cory Hendricks,432
Tatiana Suarez,1909
Andrew Sanchez,120
Louis Smolka,1235
Devin Clark,548
Cortney Casey,431
Eric Spicely,633
Luis Henrique,1250
Jim Alers,935
Ryan Benoit,1756
Chase Sherman,349
Teruto Ishihara,1922
Alberto Uda,43
Jeremy Kennedy,909
Enrique Barzola,629
Garreth McLellan,703
Sam Alvey,1776
Jessin Ayari,929
Ashlee Evans-Smith,167
Drew Dober,582
CM Punk,282
Roan Carneiro,1691
Kelly Faszholz,1139
Cody East,411
Henrique da Silva,765
Will Brooks,2051
Lukasz Sajewski,1259
Alexa Grasso,70
Martin Bravo,1343
Eddie Alvarez,599
Anna Elmose,128
Justin Ledet,1097
Brett Johns,249
Charlie Ward,345
Johnny Eduardo,997
Damien Brown,461
Yusuke Kasuya,2090
Khalil Rountree Jr.,1162
Dong Hyun Ma,574
Josh Stansbury,1058
Elvis Mutapcic,624
Brandon Moreno,238
Ion Cutelaba,801
Joe Gigliotti,964
Keith Berish,1136
Frankie Perez,685
Hector Sandoval,762
Bojan Velickovic,226
Bryan Barberena,271
Josh Emmett,1048
Bojan Mihajlovic,225
Jocelyn Jones-Lybarger,957
Dmitrii Smoliakov,561
Devin Powell,549
Alexandre Pantoja,80
Bobby Nash,222
Valentina Shevchenko,1997
Jason Gonzalez,883
Ricardo Ramos,1673
Daniel Jolly,477
Rick Glenn,1681
Aiemann Zahabi,26
Jack Marshman,827
Gerald Meerschaert,717
Tyson Pedro,1988
Amanda Cooper,96
Marcin Tybura,1309
Mark Godbeer,1331
Albert Morales,40
Lando Vannata,1196
Lina Lansberg,1222
Darren Stewart,511
Marc Diakiese,1300
Shane Burgos,1822
Jenel Lausa,905
Katlyn Chookagian,1127
Gregor Gillespie,741
Cynthia Calvillo,447
Alexander Volkov,75
Patrick Williams,1579
Jessica Aguilar,923
Joachim Christensen,948
Krzysztof Jotko,1179
Marcin Held,1307
Darren Till,512
Jack Hermansson,825
Abdul Razak Alhassan,10
Volkan Oezdemir,2035
Oliver Enkamp,1551
Luan Chagas,1236
Viviane Pereira,2033
Paulo Costa,1589
JJ Aldrich,821
Luke Jumeau,1261
Alexander Volkanovski,74
Ji Yeon Kim,933
Naoki Inoue,1492
Kwan Ho Kwak,1183
Cyril Asker,448
Jared Gordon,873
Jordan Johnson,1018
Angela Hill,125
Trevin Giles,1974
Cody Stamann,417
Danny Henry,498
James Mulheron,857
Kyle Bochniak,1184
Brian Kelleher,255
Damian Grabowski,459
Jimmie Rivera,939
Lyman Good,1265
Eric Shelton,632
Andre Fili,108
Joseph Morales,1041
Alvaro Herrera,95
Thibault Gouti,1931
Mike Santiago,1445
Siyar Bahadurzada,1848
Gavin Tucker,707
Mike Perry,1437
Daichi Abe,455
Syuri Kondo,1884
Gokhan Saki,735
Tom Duquesnoy,1956
Matt Schnell,1370
Pearl Gonzalez,1593
Mara Romero Borella,1299
Salim Touahri,1775
Oskar Piechota,1558
Marcelo Golm,1303
Deiveson Figueiredo,530
Junior Albini,1084
Rashad Coulter,1650
Song Kenan,1851
Wuliji Buren,2061
Wu Yanan,2060
Song Yadong,1852
Zabit Magomedsharipov,2093
Muslim Salikhov,1483
Wang Guan,2044
Christina Marks,391
Gillian Robertson,728
Ariel Beck,160
Karine Gevorgyan,1118
Barb Honchak,186
Sean O'Malley,1795
Nicco Montano,1510
Justin Willis,1101
Jeremy Kimball,910
Sabah Homasi,1767
Carls John De Tomas,314
Luke Sanders,1263
Marlon Moraes,1340
Jason Knight,885
Eryk Anders,645
Julian Marquez,1074
Mads Burnell,1272
Matt Frevola,1362
Kalindra Faria,1112
Talita Bernardo,1903
Danielle Taylor,491
Dan Ige,469
Matt Bessette,1359
Calvin Kattar,291
Austin Arnett,177
Niko Price,1530
Jordan Rinaldi,1021
Maia Stevenson,1279
Rob Wilkinson,1697
Tai Tuivasa,1895
Geoff Neal,711
Roberto Sanchez,1705
Steven Peterson,1873
Ashley Yoder,168
John Phillips,992
Paul Craig,1582
Shana Dobson,1821
Arjan Bhullar,161
Matthew Lopez,1375
Michelle Waterson,1416
Israel Adesanya,811
Merab Dvalishvili,1397
Markus Perez,1339
Davi Ramos,520
Mackenzie Dern,1270
Claudio Puelles,399
Poliana Botelho,1614
Veronica Macedo,2006
Sijara Eubanks,1844
Jarred Brooks,880
Desmond Green,547
Belal Muhammad,194
Julio Arce,1080
Rolando Dy,1724
Jessica-Rose Clark,928
Tyler Diamond,1983
John Gunther,985
Montana De La Rosa,1470
Luis Pena,1252
Jay Cucciniello,895
Michael Trizano,1408
Curtis Millender,446
Jamie Moyle,864
Mark De La Rosa,1329
Kurt Holobaugh,1181
Emil Meek,625
Khalid Taha,1161
Nasrat Haqparast,1494
Gadzhimurad Antigulov,699
Hakeem Dawodu,752
Alexander Hernandez,72
Matt Sayles,1369
Alex Perez,65
Ricky Simon,1685
Polyana Viana,1616
Cory Sandhagen,434
Justin Gaethje,1093
Irene Aldana,802
Charles Byrd,335
Ramazan Emeev,1633
Adam Yandiev,22
Magomed Ankalaev,1274
Petr Yan,1601
Khalid Murtazaliev,1160
Aleksei Kunchenko,48
Mayra Bueno Silva,1387
Livinha Souza,1226
Augusto Sakai,175
Aspen Ladd,171
Te Edwards,1913
Andre Soukhamthath,112
Adam Wieczorek,21
Karl Roberson,1120
Devonte Smith,550
Maycee Barber,1386
Humberto Bandenay,775
Nad Narimani,1487
Laureano Staropoli,1200
Guido Cannetti,744
Liu Pingyuan,1224
Hu Yaozong,773
Su Mudaerji,1878
Kevin Holland,1153
Yan Xiaonan,2065
Weili Zhang,2047
Curtis Blaydes,445
Raoni Barcelos,1645
Roosevelt Roberts,1739
Julija Stoliarenko,1079
Maurice Greene,1378
Pannie Kianzad,1567
Juan Espino,1068
Elias Garcia,615
Alex Gorgees,59
Jimmy Crute,940
Suman Mokhtarian,1881
Brad Katona,230
Adam Milstead,20
Zak Ottow,2099
Nathaniel Wood,1505
Kyle Stewart,1190
Alonzo Menifield,93
Greg Hardy,739
Magomed Bibulatov,1275
Geraldo de Freitas,718
Johnny Walker,999
Kai Kara-France,1109
Callan Potter,288
Shane Young,1827
Alexandra Albu,78
Benito Lopez,203
Damir Ismagulov,463
Damir Hadzovic,462
Dwight Grant,595
Daniel Teymur,489
Gina Mazany,729
Edmen Shahbazyan,606
Alex Morono,60
Grant Dawson,737
Blagoy Ivanov,216
Mike Grundy,1430
Molly McCann,1469
Nicolae Negumereanu,1524
Ryan MacDonald,1764
Bryce Mitchell,274
Marina Rodriguez,1323
Sabina Mazo,1768
Sodiq Yusuff,1850
Kennedy Nzechukwu,1143
Brandon Davis,236
Lauren Mueller,1201
Montel Jackson,1471
Boston Salmon,228
Max Griffin,1381
Jalin Turner,845
Sultan Aliev,1880
Movsar Evloev,1479
Magomed Mustafaev,1277
Alexander Yakovlev,76
Sergei Pavlovich,1805
Kyle Nelson,1187
Macy Chiasson,1271
Marc-Andre Barriault,1301
Luana Carolina,1238
Thiago Moises,1926
Megan Anderson,1388
Tonya Evinger,1968
Joel Alvarez,973
Bea Malecki,191
Darko Stosic,506
Rostem Akman,1746
Bevon Lewis,211
Allen Crowder,92
Deron Winn,543
Ariane Lipski,158
Andrea Lee,114
Andre Ewell,106
Emily Whitmire,628
Dalcha Lungiambula,457
Julia Avila,1071
Ismail Naurdiev,810
Caludia Gadelha,289
Marvin Vettori,1349
Germaine De Randamie,719
Domingo Pilarte,563
Mario Bautista,1324
Miranda Granger,1454
Jordan Espinosa,1016
Antonina Shevchenko,145
Kazula Vargas,1134
Ciryl Gane,396
Luiz Garagorri,1257
Rogerio Bontorin,1720
Vincente Luque,2021
Rodolfo Vieira,1711
Hannah Cifers,753
Manny Bermudez,1291
Christos Giagos,392
Junyong Park,1089
Karol Rosa,1124
Heili Alateng,764
Da Un Jung,450
Don Madge,568
Ottman Azaitar,1559
Liana Jojua,1219
Cole Smith,421
Kyle Prepolec,1189
Michel Pereira,1413
Vinicius Moreira,2022
Marco Polo Reyes,1313
Caludio Puelles,290
Ariane Carnelossi,157
Alen Amedovski,50
Jack Shore,829
Michal Oleksiejczuk,1410
Mark Madsen,1335
Nadia Kassem,1488
Brad Riddell,232
Justin Tafa,1100
Miguel Baeza,1424
Mike Davis,1428
Ryan Spann,1766
Randy Costa,1642
Brendan Allen,243
Dominick Reyes,566
Daniel Spitz,487
Raphael Pessoa Nunes,1648
Loma Lookboonmee,1229
Frank Camacho,682
Abubakar Nurmagomedov,16
Roman Kopylov,1728
Grigorii Popov,743
Shamil Gamzatov,1819
Khadis Ibragimov,1159
Zelim Imadaev,2102
Alekander Volkov,45
Vanessa Melo,2002
Antonio Arroyo,146
Billy Quarantillo,214
Makhmud Muradov,1283
Mallory Martin,1287
Joe Solecki,970
Chase Hooper,348
Punahele Soriano,1620
Ketlen Vieira,1147
Peter Yan,1600
Ian Heinisch,783
 Jun Yong Park,0
Seungwoo Choi,1816
Aleksa Camur,46
Herbert Burns,769
Jamahal Hill,846
Austin Lingo,179
Miles Johns,1451
Juan Adams,1067
Casey Kenney,318
Brok Weaver,264
Kai Kara France,1108
Kevin Aguilar,1148
Priscila Cachoeira,1618
Ben Sosoli,199
Jim Crute,936
Jordan Griffin,1017
Sean Brady,1792
Aalon Cruz,4
Gabriel Silva,696
Felicia Spencer,658
Jamall Emmers,848
Danaa Batgerel,474
Amanda Ribas,99
Elizeu Dos Santos,621
Bruno Silva,269
Hunter Azure,777
Rodrigo Nascimento,1713
Nate Landwehr,1499
Giga Chikadze,722
Daniel Rodriguez,484
Chris Gutierrez,371
Mariya Agapova,1327
Anthony Ivy,134
Tyson Nam,1987
Austin Hubbard,178
Philipe Lins,1609
Kay Hansen,1130
Sean Woodson,1802
Takashi Sato,1899
Martin Day,1345
Raulian Paiva,1654
Modestas Bukauskas,1466
Diana Belbita,552
Carlos Felipe,306
Malcolm Gordon,1286
Roman Dolidze,1727
Tom Aspinall,1952
Tanner Boser,1906
Khamzat Chimaev,1164
Johnny Munoz,998
Irwin Rivera,804
Youssef Zalal,2084
Maki Pitolo,1284
Yana Kunitskaya,2066
Chris Daukaus,366
TJ Brown,1885
Amanda Lemos,97
Carlton Minus,316
Timur Valiev,1947
Ike Villanueva,794
Marcin Prachnio,1308
Viviane Araujo,2032
Andre Muniz,110
Alexandr Romanov,77
Journey Newson,1066
Darrick Minner,514
William Knight,2056
Luigi Vendramini,1249
Jordan Williams,1023
Kyler Phillips,1192
Yorgan De Castro,2079
Dequan Townsend,541
Tracy Cortez,1971
Ali AlQaisi,83
Impa Kasanganay,800
Jamie Mullarkey,865
Mateusz Gamrot,1355
Said Nurmagomedov,1771
Jacob Malkoun,831
Cole Williams,422
Adrian Yanez,24
Gustavo Lopez,748
Don'Tale Mayes,570
Louis Cosce,1233
Joaquin Buckley,955
Kyle Daukaus,1185
Spike Carlyle,1854
Josh Parisian,1054
Jonathan Pearce,1012
Ilia Topuria,797
Jimmy Flick,941
Tafon Nchukwi,1893
Jacob Kilburn,830
David Zawada,528
Victoria Leonardo,2014
Umar Nurmagomedov,1991
Francisco Figueiredo,677
Lerone Murphy,1214
Amir Albazi,101
SeungWoo Choi,1815
Mike Rodriguez,1443
Gabe Green,689
Serghei Spivac,1808
Phil Hawes,1605
Vince Cachero,2019
Jairzinho Rozenstruik,837
Uros Medic,1994
Charles Jourdain,337
Matthew Semelsberger,1377
Gloria de Paula,732
Jonathan Martinez,1010
Manel Kape,1290
Cheyanne Buys,354
Jared Gooden,872
Da-Un Jung,453
Luis Saldana,1254
Nina Nunes,1534
Tony Gravely,1965
Aori Qileng,155
Pat Sabatini,1574
Na Liang,1486
Zhang Weili,2107
Andreas Michailidis,115
Kai Kamaka,1107
Christian Aguilera,386
Ludovit Klein,1248
Jordan Wright,1024
Rafael Alves,1625
David Dvorak,522
Josh Culibao,1047
Manon Fiorot,1293
Dusko Todorovic,586
Fares Ziam,654
Casey O'Neill,319
Kanako Murata,1117
Khaos Williams,1165
Wellington Turman,2048
Shavkat Rakhmonov,1834
Zhalgas Zhumagulov,2104
Jennifer Maia,906
Ryan Hall,1758
Alan Baudot,32
Nassourdine Imavov,1495
Miranda Maverick,1455
Phil Rowe,1606
Jinh Yu Frey,946
Niklas Stolze,1529
Collin Anglin,424
Vince Morales,2020
Sasha Palatnikov,1788
Parker Porter,1569
Trevin Jones,1975
Mana Martinez,1288
Bryan Battle,272
Andre Petroski,111
Ricky Turcios,1686
Paddy Pimblett,1565
Erin Blanchfield,642
Nate Maness,1500
Rong Zhu,1733
Arman Tsarukyan,162
Cody Brundage,408
Stephanie Egger,1859
Steve Garcia,1866
Loopy Godinez,1231
Istela Nunes,813
Batgerel Danaa,190
Jamie Pickett,866
Mason Jones,1353
Jeff Molina,903
Tabatha Ricci,1891
JunYong Park,1083
Khama Worthy,1163
Tagir Ulanbekov,1894
Albert Duraev,39
Ian Garry,782
CJ Vergara,281
Melsik Baghdasaryan,1395
Alex Pereira,64
Luana Pinheiro,1239
Shayilan Nuerdanbieke,1836
Cody Durden,410
Rafa Garcia,1624
Joanne Wood,952
Cheyanne Vlismas,355
Dustin Stoltzfus,594
Jordan Leavitt,1019
Dakota Bush,456
Brandon Royval,239
Bill Algeo,213
Silvana Gomez Juarez,1845
Jack Della Maddalena,824
Michael Morales,1406
Jason Witt,891
Jailton Almeida,836
Chidi Njokuani,357
Tresean Gore,1973
AJ Dobson,2
Jeremiah Wells,908
Carlos Ulberg,312
Chad Anheliger,325
Rongzhu,1734
Victor Altamirano,2009
Ramiz Brahimaj,1635
Terrance McKinney,1918
Josiane Nunes,1065
Armen Petrosyan,163
Kris Moutinho,1176
Damon Jackson,464
Cory McKenna,433
Jai Herbert,835
Muhammad Mokaev,1480
Matheus Nicolau,1357
Aliaskhab Khizriev,86
Askar Askarov,169
Piera Rodriguez,1612
Anthony Hernandez,133
Alatengheili,37
Chris Barnett,359
Drakkar Klose,580
Mounir Lazzez,1478
Caio Borralho,285
Dean Barry,529
Preston Parsons,1617
Aoriqileng,156
Natan Levy,1497
Daniel Lacerda,479
Kleydson Rodrigues,1172
Andre Fialho,107
Michael Chandler,1399
Jake Hadley,840
Tatsuro Taira,1910
Virna Jandiroba,2027
Nick Maximov,1517
Joseph Holmes,1040
Elise Reed,619
Omar Morales,1555
Rinat Fakhretdinov,1689
Karine Silva,1119
Ode Osbourne,1549
Liang Na,1220
Ramona Pascual,1637
Maheshate,1278
Jasmine Jasudavicius,881
Maria Oliveira,1322
Vanessa Demopoulos,2001
Chris Curtis,365
JP Buys,822
Ronnie Lawrence,1735
David Onama,526
Jared Vanderaa,877
Michelle Waterson-Gomez,1417
Mandy Bohm,1289
Orion Cosce,1557
Joselyne Edwards,1038
Brogan Walker,263
Mohammed Usman,1468
Martin Buday,1344
Yazmin Jauregui,2074
AJ Fletcher,3
Benoit Saint Denis,205
Abus Magomedov,17
William Gomis,2055
Darian Weeks,505
Melissa Martinez,1392
Norma Dumont,1542
Denis Tiuliulin,534
Denise Gomes,535
Trey Ogden,1978
Nikolas Motta,1531
Joe Pyfer,968
John Castaneda,980
Joanderson Brito,949
Mike Jackson,1432
Christian Rodriguez,390
Josh Fremd,1050
Waldo Cortes-Acosta,2039
Tamires Vidal,1905
Carlos Candelario,303
Liudvik Sholinian,1225
Natalia Silva,1496
Brady Hiestand,235
Charles Johnson,336
Marcelo Rojo,1305
Cameron Saaiman,293
Raul Rosas Jr.,1653
Sergey Morozov,1807
Javid Basharat,893
Dan Argueta,465
Allan Nascimento,90
Claudio Ribeiro,400
Mateusz Rebecki,1356
Ismael Bonfim,809
Luan Lacerda,1237
Gabriel Bonfim,692
Saimon Oliveira,1773
Gregory Rodrigues,742
SeungGuk Choi,1814
Jeka Saragih,904
Toshiomi Kazama,1970
Yusaku Kinoshita,2088
JeongYeong Lee,907
Da Woon Jung,451
Jack Jenkins,826
Shannon Ross,1831
Clayton Carpenter,405
Nazim Sadykhov,1507
Erick Gonzalez,635
Mike Malott,1435
Ian Machado Garry,785
Esteban Ribovics,646
Da'Mon Blackshear,452
Bo Nickal,219
Karl Williams,1121
Carlston Harris,315
Ariane da Silva,159
Victor Henry,2010
Sedriques Dumas,1803
Vitor Petrino,2031
Chris Duncan,368
Juliana Miller,1076
Christian Leroy Duncan,388
Sam Patterson,1778
Ignacio Bahamondes,789
Jaqueline Amorim,870
Bruna Brasil,265
Ricky Glenn,1683
Francis Marshall,675
Iasmin Lucindo,787
Josh Quinlan,1055
Hailey Cowan,751
Braxton Smith,242
Kron Gracie,1177
Emily Ducote,626
Daniel Santos,485
Zac Pauga,2094
Tereza Bleda,1917
Carlos Hernandez,307
Manuel Torres,1296
Trevor Peek,1976
Brunno Ferreira,266
Ivana Petrovic,818
Guram Kutateladze,747
Yana Santos,2067
Kamuela Kirk,1116
Viktoriia Dudakova,2017
Alexander Munoz,73
Evan Elder,649
Tucker Lutz,1981
Shauna Bannon,1833
Jafel Filho,834
Mick Parkin,1420
Diego Lopes,555
Billy Ray Goff,215
Rinya Nakamura,1690
Junior Tafa,1088
Morgan Charriere,1475
Zarah Fairn,2100
Farid Basharat,655
Nora Cornolle,1539
Ange Loosa,123
Kevin Jousset,1154
Blood Diamond,218
Josefine Knutsson,1037
Alex Reyes,66
Daniel Zellhuber,490
Fernando Padilla,668
Mizuki,1463
Rafael Fiziev,1630
Irina Alekseeva,803
Tainara Lisboa,1897
Mohammad Yahya,1467
Mike Breeden,1426
Abu Azaitar,15
Ikram Aliskerov,795
Shara Magomedov,1832
Eduarda Moura,609
Elves Brener,623
Kaue Fernandes,1129
Steve Erceg,1865
Dennis Buzukja,537
Joshua Van,1063
Jiri Prochazka,947
Lucie Pudilova,1246
Payton Talbott,1592
Veronica Hardy,2005
Rodolfo Bellato,1709
Zachary Reese,2096
HyunSung Park,780
Luana Santos,1240
Rayanne dos Santos,1658
Westin Wilson,2050
Marcus McGhee,1321
Yohan Lainesse,2077
Serhiy Sidey,1811
Thomas Petersen,1934
Landon Quinones,1197
Themba Gorimbo,1924
Gilbert Urbina,726
Azat Maksum,183
Fernie Garcia,669
Robert Bryczek,1700
Bolaji Oki,227
Oban Elliott,1547
Zhang Mingyang,2106
Cristian Quinonez,439
Erik Silva,641
Ronaldo Rodriguez,1731
Edgar Chairez,604
Jesus Aguilar,930
Abdul-Kareem Al-Selwady,11
Vinicius Oliveira,2023
Robelis Despaigne,1699
Katlyn Cerminara,1126
Charalampos Grigoriou,334
Igor Severino,792
Montserrat Rendon,1474
Jarno Errens,879
Angel Pacheco,124
Ibo Aslan,788
Nursulton Ruziboev,1544
Melissa Mullins,1393
Dylan Budka,597
Pedro Falcao,1594
Valter Walker,2000
King Green,1169
James Llontop,854
Marnic Mann,1342
Austen Lane,176
Alessandro Costa,51
Dione Barbosa,560
Mauricio Ruffy,1380
Oumar Sy,1560
Victor Martinez,2012
Mitch Raposo,1462
Ailin Perez,27
Cesar Almeida,322
Charles Radtke,339
Carli Judice,300
Melquizael Costa,1394
Asu Almabayev,172
Timmy Cuamba,1946
Xiao Long,2062
Magomed Gadzhiyasulov,1276
Muhammad Naimov,1481
Rei Tsuruya,1660
Loik Radzhabov,1228
Azamat Murzakanov,182
Shamil Gaziev,1820
Jhonata Diniz,932
Stephanie Luciano,1860
Danny Barlow,494
Stewart Nicoll,1876
Tom Nolan,1960
Dricus Du Plessis,583
Viacheslav Borshchev,2007
Wang Cong,2043
Jacqueline Cavalcanti,833
Kaan Ofli,1105
Robert Valentin,1702
Zygimantas Ramaska,2111
Yizha,2075
Felipe dos Santos,665
Isaac Dulgarian,805
Daniel Barez,475
Julia Polastri,1072
Jamey-Lyn Horth,863
Caio Machado,286
Mansur Abdul-Malik,1294
Gaston Bolanos,706
Bassil Hafez,189
Baergeng Jieleyisi,185
Lone'er Kavanagh,1230
Nyamjargal Tumendemberel,1546
Shi Ming,1841
Kiru Sahota,1170
Paul Buentello,1581
Julio Paulino,1081
Chase Gormley,347
Shannon Gugerty,1830
Greg Soto,740
Rory Markham,1742
Lucio Linhares,1247
Ronys Torres,1738
Matt Veach,1373
Mostapha Al-Turk,1476
Brad Blackburn,229
Renzo Gracie,1665
Jonathan Goulet,1009
John Salter,993
Tim Hague,1941
Paul Daley,1583
Ryan Jensen,1760
Joe Brammer,959
Dan Lauzon,470
Jesse Lennox,919
Gilbert Yvel,727
Martin Kampmann,1346
James Hammortree,850
Mark Holst,1332
Chris Tuchscherer,382
Goran Reljic,736
Ricardo Romero,1674
Steve Steinbeiss,1870
James Toney,859
Amilcar Alves,100
Gabe Ruediger,690
David Mitchell,525
Curt Warburton,444
Vinicius Queiroz,2024
Carlos Eduardo Rocha,305
Mark Scanlon,1337
Alexandre Ferreira,79
TJ O'Brien,1889
Maiquel Falcao,1280
Aaron Wilkinson,9
Pablo Garza,1563
Nick Pace,1519
Kyle Watson,1191
Tyler Toner,1984
Antonio McKee,152
Willamy Freire,2054
Antonio Banuelos,147
Jason Reinhardt,889
Charlie Valencia,344
Jorge Santiago,1028
Shamar Bailey,1817
Tim Credeur,1938
Jon Olav Einemo,1006
Edward Faaloloto,611
Matt Grice,1363
Javier Vazquez,894
Donny Walker,577
Paul Bradley,1580
Luis Ramos,1253
Stanislav Nedkov,1855
Jorge Lopez,1025
Lance Benoist,1195
Eddie Yagin,603
Byron Bloodworth,278
Matt Lucas,1367
Dustin Neace,590
Josh Ferguson,1049
Stephen Bass,1861
Josh Clopton,1045
John Cholish,981
Carlo Prater,302
Nick Denis,1513
Pat Schilling,1575
Tommy Hayden,1963
Eric Wisely,634
Lavar Johnson,1203
Bernardo Magalhaes,208
Issei Tamura,812
Eiji Mitsuoka,614
Besam Yousef,209
Yoislandy Izquierdo,2078
Tom DeBlass,1955
Chad Griggs,326
Shane del Rosario,1828
Chris Saunders,379
Chris Tickle,381
John Cofer,982
Brock Jardine,261
Joey Gambino,975
CJ Keith,280
Wagner Campos,2036
Ulysses Gomez,1990
Roger Hollett,1717
Jay Hieron,896
Motonobu Tezuka,1477
Azamat Gashimov,181
Manuel Rodriguez,1295
Milton Vieira,1452
Caros Fodor,317
Quinn Mulhern,1622
Adlan Amagov,23
Adam Cella,18
Jimmy Quinlan,942
Collin Hart,425
Gilbert Smith,725
Roger Bowling,1715
Sheila Gaff,1838
Eddie Mendez,601
Brian Melancon,256
Roger Gracie,1716
Garett Whiteley,702
Brian Houston,254
Peggy Morgan,1596
Jon Delos Reyes,1001
Dave Galera,517
Shunichi Shimizu,1843
Will Chope,2053
Mike Rhodes,1440
Gasan Umalatov,705
Rashid Magomedov,1652
Andy Enz,121
Takenori Sato,1900
Danny Mitchell,500
Mats Nilsson,1358
Hans Stringer,755
Tim Gorman,1940
Mike de la Torre,1449
Sean O'Connell,1794
Jack May,828
Matt Hobar,1365
Roger Narvaez,1718
Josh Shockley,1057
Dashon Johnson,516
Shane Howell,1825
Rodrigo de Lima,1714
Guilherme Vasconcelos,745
Daniel Spohn,488
Guto Inocente,749
Jerrod Sanders,914
Tina Lahdemaki,1948
Mike King,1433
Chris Heatherly,372
Milana Dudieva,1450
Jianping Yang,934
Cain Carrizosa,283
Shayna Baszler,1837
Masanori Kanehara,1351
Rin Nakai,1688
Roman Salazar,1729
Rodolfo Rubio,1710
Nina Ansaroff,1533
Leonardo Morales,1212
Humberto Brown,776
Josh Copeland,1046
Justin Jones,1095
Heather Jo Clark,759
Lisa Ellis,1223
Willie Gates,2058
Antonio Dos Santos,151
Konstantin Erokhin,1174
Paul Redmond,1586
Cody Pfister,416
Alex Torres,68
Fredy Serrano,688
Rocky Lee,1707
Levan Makashvili,1216
Leo Kuntz,1207
Ericka Almeida,638
Steve Kennedy,1867
Lewis Gonzalez,1217
Sirwan Kakai,1847
Joe Merritt,966
Tony Sims,1967
Dominic Waters,564
Andrew Holbrook,119
Dileno Lopes,559
Fernando Bruno,667
Geane Herrera,708
Nazareno Malegarie,1506
Roger Zapata,1719
Anton Zafir,144
Enrique Marin,630
Nathan Coy,1503
Abner Lloveras,14
Marcin Wrzosek,1310
Joey Gomez,976
Mehdi Baghdad,1389
Felipe Olivieri,663
Alex Nicholson,62
Leonardo Augusto Leleco,1210
Augusto Mendes,173
Martin Svensson,1348
Jarjis Danho,878
Cristina Stanciu,441
Darrell Horcher,508
Jonathan Meunier,1011
JC Cottrell,820
Jason Novelli,888
Chris Avila,358
Alessandro Ricci,52
Felipe Silva,664
Jimmy Wallhead,943
Michael McBride,1404
Christian Colombo,387
Ryan Janes,1759
Brian Camozzi,251
Saparbeg Safarov,1782
Marcel Fortuna,1302
Cindy Dandois,395
Chanmi Jeon,333
Ashkan Mokhtarian,166
Michel Quinones,1415
Tom Gallicchio,1957
Nick Roehrick,1522
Jesse Taylor,922
James Bochnovic,849
Terrion Ware,1920
Galore Bofando,701
Abdul-Kerim Edilov,12
Aleksandar Rakic,47
Zu Anyanwu,2108
Jodie Esquibel,958
Bharat Kandare,212
Sheymon Moraes,1840
Rachael Ostovich,1623
Tim Williams,1945
Dmitry Sosnovskiy,562
Dan Moret,472
Ricky Rainey,1684
Craig White,437
Carlo Pedersoli,301
Jose Torres,1036
Chance Rencountre,331
Melinda Fabian,1390
Hector Aldana,760
Allan Zuniga,91
Richie Smullen,1679
Joe Giannetti,963
Stefan Sekulic,1856
Jin Soo Son,945
Chris Fishgold,369
Bobby Moffett,221
Anderson Dos Santos,104
Jesus Pinedo,931
Leah Letson,1204
Michel Batista,1412
Justin Frazier,1092
Felipe Colares,661
Taila Santos,1896
Sarah Frota,1785
Marcos Mariano,1314
Klidson Abreu,1173
Ben Askren,195
Jeff Hughes,902
Alex Da Silva,57
Thomas Gifford,1933
Carlos Huachin,308
Derrick Krantz,545
Danilo Belluardo,492
Duda Santana,585
Sergey Khandozhko,1806
Sung Bin Jo,1883
Rocco Martin,1706
Nohelin Hernandez,1537
Brianna Van Buren,259
Yoshinori Horie,2082
Krzystof Jotko,1178
Hannah Goldy,754
Lara Procopio,1198
Mizuki Inoue,1464
Derrick,544
Tristan Connelly,1980
Don'tale Mayes,571
Isabela De Pauda,807
Eduardo Garagorri,610
Omar Antonio Morales Ferrer,1554
Ode Obsourne,1548
Luci Pudilova,1245
Kalinn Williams,1113
Youssef Zalel,2085
Shanna Young,1829
Marcos Rogerio De Lima,1315
Joshua Culibao,1061
Zarrukh Adashev,2101
Justin Jaynes,1094
Max Rohskopf,1383
Zhalgas Zhamagulov,2103
Maxim Grishin,1384
Roman Bogatov,1726
Raphael Pessoa,1647
Rhys McKee,1668
Ali Qaisi,85
Peter Barrett,1598
Alex Munoz,61
Danny Chavez,496
Austin Springer,180
Ray Rodriguez,1657
Roque Martinez,1740
Kevin Croom,1151
Sarah Alpar,1784
TJ Laramie,1888
Jerome Rivera,913
Danilo Marques,493
Cameron Else,292
Tony Kelley,1966
KB Bhullar,1103
Mark Striegl,1338
Liliya Shakirova,1221
Phillip Hawes,1610
Kevin Natividad,1156
Victor Rodriguez,2013
Charlie Ontiveros,343
Jamey Simmons,862
John Allan,979
Sam Hughes,1777
Gaetano Pirrello,700
Philip Rowe,1608
Drako Rodriguez,581
Jesse Strader,921
Harry Hunsucker,756
Montserrat Conejo,1472
Fabio Cherant,650
Juancamilo Ronderos,1070
Melissa Gatto,1391
Saidyokub Kakhramonov,1772
Micheal Gillmore,1411
Brandon Jenkins,237
Martin Sano,1347
Zviad Lazishvili,2110
Bruno Souza,270
Genaro Valdez,710
Pete Rodriguez,1597
Denys Bondar,540
Jay Perrin,897
Gadzhi Omargadzhiev,698
Cameron VanCamp,295
Askar Mozharov,170
Lucas Almeida,1242
Garrett Armfield,704
Sumudaerji,1882
Adam Fugitt,19
Ihor Potieria,793
Lukasz Brzeski,1258
Gabriel Miranda,694
Michal Figlak,1409
Anton Turkalj,143
Danyelle Wolf,503
Chelsea Chandler,352
Don Shainis,569
Lucas Alexander,1241
Joshua Weems,1064
Carlos Mota,310
Steven Koslow,1871
Mateus Mendonca,1354
Nick Aguirre,1511
Nick Fiore,1515
Daniel Marcos,480
Anshul Jubli,129
Francisco Prado,678
Blake Bilder,217
Khusein Askhabov,1166
Jamal Pogues,847
Nurullo Aliev,1545
Carl Deaton,298
Gabriella Fernandes,697
Gabriel Santos,695
Yanal Ashmouz,2068
Vinicius Salvador,2025
Trey Waters,1979
Rolando Bedoya,1723
Muin Gafurov,1482
Ketlen Souza,1146
Jesse Butler,917
Chepe Mariscal,353
Terrence Mitchell,1919
Val Woodburn,1996
Jonny Parsons,1015
Darrius Flowers,515
Jose Johnson,1032
Montserrat Conejo Ruiz,1473
Manolo Zecchini,1292
Yanis Ghemmouri,2070
Bogdan Guskov,224
Caolan Loughran,297
Kiefer Crosbie,1167
Charlie Campbell,342
Brendon Marotte,247
Ravena Oliveira,1655
Kaynan Kruschewsky,1132
Kevin Borjas,1149
Rafael Estevam,1628
Myktybek Orolbai,1484
Talita Alencar,1902
Felipe Bunes,660
Jean Silva,899
Ramon Taveras,1636
MarQuel Mederos,1298
Carlos Prates,311
Hyder Amil,778
Carlos Vera,313
Brendson Ribeiro,248
AJ Cunningham,1
Benardo Sopaj,201
Bekzat Almakhan,193
Michael Page,1407
Mitch Ramirez,1461
Danny Silva,502
Andre Lima,109
Daria Zhelezniakova,504
Steven Nguyen,1872
Luis Pajuelo,1251
Connor Matthews,427
Jean Matsumoto,898
Victor Hugo,2011
Kayla Harrison,1131
Chris Padilla,378
Ernesta Kareckaite,644
Tecia Pennington,1914
Tuco Tokkos,1982
Puja Tomar,1619
ChangHo Lee,332
Felipe Lima,662
Antonio Trocoli,154
Fatima Kline,656
Alice Ardelean,87
Jordan Vucenic,1022
Quang Le,1621
Nikolay Veretennikov,1532
Jose Daniel Medina,1031
Mairon Santos,1282
Ryan Loder,1763
Nathan Fletcher,1504
Ivan Erslan,815
Ramazan Temirov,1634
Lucas Rocha,1244
Cody Haddon,414
Sean Sharaf,1797
Cameron Smotherman,294
Carlos Leal,309
Rafael Cerqueira,1626
Klaudia Sygula,1171
Zachary Scroggin,2097
Cortavious Romious,430
Reinier de Ridder,1661
Roberto Romero,1704
SuYoung You,1879
Jose Ochoa,1034
Feng Xiaocan,666
DongHun Choi,575
Ozzy Diaz,1562
Kai Asakura,1106
